<?xml version="1.0" encoding="UTF-8"?>
<resourceInfo xmlns:ms="http://www.ilsp.gr/META-XMLSchema" xmlns:xsi="http://www.w3.org/2001/XMLSchema-instance" xsi:schemaLocation="http://www.ilsp.gr/META-XMLSchema META-SHARE-Resource.xsd">
	<identificationInfo>
		<resourceName>morphdb.hu</resourceName>
		<description>Hungarian lexical database and morphological grammar</description>
		<resourceShortName>n/a</resourceShortName>
		<metaShareId>107</metaShareId>
		<identifier>107</identifier>
	</identificationInfo>
	<distributionInfo>
		<availability>available-restrictedUse</availability>
		<licenceInfo>
			<licence>CC_BY</licence>
			<restrictionsOfUse>other</restrictionsOfUse>
			<distributionAccessMedium>downloadable</distributionAccessMedium>
			<downloadLocation>http://mokk.bme.hu/resources/morphdb-hu</downloadLocation>
			<price>123.45 EUR</price>
			<userNature />
		</licenceInfo>
	</distributionInfo>
	<contactPerson>
		<surname>Doe</surname>
		<sex />
		<communicationInfo>
			<email>daniel@mokk.bme.hu</email>
			<address>Planet Mars, Cosmos</address>
			<zipCode>12345</zipCode>
			<city>Marstown</city>
			<region>Space</region>
			<country>Terran Federation</country>
		</communicationInfo>
		<position>Chief Testing Clown</position>
	</contactPerson>
	<metadataInfo>
		<metadataCreationDate>2011-11-13</metadataCreationDate>
		<metadataCreator>
			<surname>Doe</surname>
			<sex />
			<communicationInfo>
				<email>daniel@mokk.bme.hu</email>
				<address />
				<zipCode />
				<city />
				<region />
				<country />
			</communicationInfo>
			<position>BUTE Employee</position>
			<affiliation>
				<organizationName>Budapest University of Technology and Economics</organizationName>
				<communicationInfo>
					<email>daniel@mokk.bme.hu</email>
					<address>Planet Mars, Cosmos</address>
					<zipCode>12345</zipCode>
					<city>Marstown</city>
					<region>Space</region>
					<country>Terran Federation</country>
				</communicationInfo>
			</affiliation>
		</metadataCreator>
		<source />
		<originalMetadataSchema />
		<originalMetadataLink />
		<metadataLastDateUpdated>2012-01-01</metadataLastDateUpdated>
		<revision />
	</metadataInfo>
	<resourceComponentType>
		<lexicalConceptualResourceInfo>
			<resourceType>lexicalConceptualResource</resourceType>
			<lexicalConceptualResourceType>lexicon</lexicalConceptualResourceType>
			<lexicalConceptualResourceMediaType>
				<lexicalConceptualResourceTextInfo>
					<mediaType>text</mediaType>
					<lingualityInfo>
						<lingualityType>monolingual</lingualityType>
						<multilingualityType />
						<multilingualityTypeDetails />
					</lingualityInfo>
					<languageInfo>
						<languageId>HU</languageId>
						<languageName>Hungarian</languageName>
						<languageScript>Hungarian</languageScript>
					</languageInfo>
					<sizeInfo>
						<size>400000</size>
						<sizeUnit>items</sizeUnit>
					</sizeInfo>
				</lexicalConceptualResourceTextInfo>
			</lexicalConceptualResourceMediaType>
		</lexicalConceptualResourceInfo>
	</resourceComponentType>
</resourceInfo>