<?xml version="1.0" encoding="UTF-8"?>
<resourceInfo xmlns="http://www.meta-share.org/META-SHARE_XMLSchema" xmlns:xsi="http://www.w3.org/2001/XMLSchema-instance" xsi:schemaLocation="http://www.meta-share.org/META-SHARE_XMLSchema C:/Users/unicorn/Dropbox/MSXSD~1/Cracker_metashare-v3.1/v3.1/META-SHARE-Resource.xsd">
	<identificationInfo>
		<resourceName>morphdb.hu</resourceName>
		<description>Hungarian lexical database and morphological grammar</description>
		<resourceShortName>n/a</resourceShortName>
		<metaShareId>107</metaShareId>
		<identifier>107</identifier>
	</identificationInfo>
	<distributionInfo>
		<availability>available</availability>
		<licenceInfo>
			<licence>CC-BY</licence>
			<version>4.0</version>
			<restrictionsOfUse>other</restrictionsOfUse>
		</licenceInfo>
		<distributionAccessMedium>downloadable</distributionAccessMedium>
		<downloadLocation>http://mokk.bme.hu/resources/morphdb-hu</downloadLocation>
		<fee>123.45 EUR</fee>
		<userNature>academic</userNature>
	</distributionInfo>
	<contactPerson>
		<surname>Doe</surname>
		<sex>male</sex>
		<communicationInfo>
			<email>daniel@mokk.bme.hu</email>
			<address>Planet Mars, Cosmos</address>
			<zipCode>12345</zipCode>
			<city>Marstown</city>
			<region>Space</region>
			<country>Russian Federation</country>
			<countryId>RU</countryId>
		</communicationInfo>
		<position>Chief Testing Clown</position>
	</contactPerson>
	<metadataInfo>
		<metadataCreationDate>2011-11-13</metadataCreationDate>
		<metadataCreator>
			<surname>Doe</surname>
			<sex>male</sex>
			<communicationInfo>
				<email>daniel@mokk.bme.hu</email>
				<address/>
				<zipCode/>
				<city/>
				<region/>
				<country>Russian Federation</country>
				<countryId>RU</countryId>
			</communicationInfo>
			<position>BUTE Employee</position>
			<affiliation>
				<organizationName>Budapest University of Technology and Economics</organizationName>
				<communicationInfo>
					<email>daniel@mokk.bme.hu</email>
					<address>Planet Mars, Cosmos</address>
					<zipCode>12345</zipCode>
					<city>Marstown</city>
					<region>Space</region>
					<country>Russian Federation</country>
					<countryId>RU</countryId>
				</communicationInfo>
			</affiliation>
		</metadataCreator>
		<source/>
		<originalMetadataSchema/>
		<metadataLastDateUpdated>2012-01-01</metadataLastDateUpdated>
		<revision/>
	</metadataInfo>
	<resourceComponentType>
		<lexicalConceptualResourceInfo>
			<resourceType>lexicalConceptualResource</resourceType>
			<lexicalConceptualResourceType>lexicon</lexicalConceptualResourceType>
			<lexicalConceptualResourceMediaType>
				<lexicalConceptualResourceTextInfo>
					<mediaType>text</mediaType>
					<lingualityInfo>
						<lingualityType>monolingual</lingualityType>
					</lingualityInfo>
					<languageInfo>
						<languageId>HU</languageId>
						<languageName>Hungarian</languageName>
						<languageScript>Latin</languageScript>
					</languageInfo>
					<sizeInfo>
						<size>400000</size>
						<sizeUnit>items</sizeUnit>
					</sizeInfo>
				</lexicalConceptualResourceTextInfo>
			</lexicalConceptualResourceMediaType>
		</lexicalConceptualResourceInfo>
	</resourceComponentType>
</resourceInfo>